reviewId,userName,userImage,content,score,thumbsUpCount,reviewCreatedVersion,at,replyContent,repliedAt,appVersion
1252639c-8002-486f-a2fc-3b36a6ba858c,Aman deep,https://play-lh.googleusercontent.com/a/ACg8ocLJJ3Uea-qoeQep6uTUWHqgkStjIsDpDNE1wSNsHqzAUwbZQA=mo,💔💔,5,0,,2025-02-01 23:44:54,,,
53178579-9999-44fc-bc61-fa580e217cd1,Taskeen Zahra,https://play-lh.googleusercontent.com/a/ACg8ocJ8FyIf5NMGmpZ3Kk-C3m3zwtzHHF1-igZSsWBIMbCaIs0N=mo,"🌚👽 It's an amazing aap it makes me laugh , cry , and many things . I love this app 🫶🏻",5,0,363.0.0.29.80,2025-02-01 20:33:42,,,363.0.0.29.80
09691f0c-d4ed-4113-b8da-666af3e94be4,UFB YUNUS YT,https://play-lh.googleusercontent.com/a-/ALV-UjXSPSq_zRRSOQUwGqLmSL6ipkuZxMF5KX515h27vW7fhkvlftiC,😄,5,1,365.0.0.40.94,2025-02-01 18:51:47,,,365.0.0.40.94
6f3cc394-bf71-4d35-8c2c-6ae85d105ef4,Tauheed Jutt,https://play-lh.googleusercontent.com/a-/ALV-UjVyjXOxAJfJJsARvyHYzsFaP2Dnw-6yeSZHV2W5kC3UqdJo8rU,Good,5,1,365.0.0.40.94,2025-02-01 02:44:12,,,365.0.0.40.94
b7006a62-538b-40f0-8f36-e910a05ed3f9,Kanha Lock,https://play-lh.googleusercontent.com/a-/ALV-UjVlmzQtF7GM3epv-CjPN_eAN6YrjRc6tfzGbiXhUPBX3zs1kcA5,No vews for my account videos,5,1,360.0.0.52.192,2025-02-01 01:34:02,,,360.0.0.52.192
004f5d69-2803-4ebb-974a-8a88a9033f6d,Saloni Chauhan,https://play-lh.googleusercontent.com/a-/ALV-UjWQhherimbRfeBcgAsfUYtoFwx_-oTDvxDIhge9Ogtw0N7NQts2,Soni chauhan 7041,5,1,364.0.0.35.86,2025-01-31 10:33:30,,,364.0.0.35.86
f7df55f1-c342-4a6d-922e-5e1bd5b552a2,Naika Ajay,https://play-lh.googleusercontent.com/a/ACg8ocKZyzBAcqlNyuujqlXFpylTcoT37irXtfyalCLQ1ALBmdaKyA=mo,The instagram is very very useful app 🤗,5,3,,2025-01-31 06:51:02,,,
32273eb8-8225-456b-9044-2e812b356b63,Chemish Zm,https://play-lh.googleusercontent.com/a/ACg8ocLN_X2CoinflCQnje-r9eJkW5pMCWW037hHq_Xnbeq-wyj7XA=mo,Alright,5,2,,2025-01-30 22:21:57,,,
6d4923f0-bdc9-419e-bcb1-b559d34d4d39,Aurangzeb azmi Aurangzeb azmi,https://play-lh.googleusercontent.com/a/ACg8ocIlx_tH6mFzSqUcM2BwQsykJYkurdwXkz5Re4-v5FytBwmd7Q=mo,Op bro,5,1,278.0.0.22.117,2025-01-30 20:42:36,,,278.0.0.22.117
f729c550-85ef-468e-aebc-f1bf66d5a788,Irfan Irfan,https://play-lh.googleusercontent.com/a/ACg8ocLgsvzwq_jqWdywB3x3YmWqFA0xVtdGRfEQKjBb1AYP5g00OA=mo,Very good app,5,3,362.0.0.33.241,2025-01-29 18:28:40,,,362.0.0.33.241
96eb7a50-511f-466a-911a-5f3deeb57fe6,Kanha Lawaniya,https://play-lh.googleusercontent.com/a/ACg8ocKA85MPI6nFbfDvYjMaNcGWH1wywmeo_RNXclAi21cpXxCkNg=mo,Follow me,5,2,,2025-01-29 17:15:08,,,
d8ecd8d7-1417-4389-a1f4-9e56f7d2d1ef,Ravikumar Madar,https://play-lh.googleusercontent.com/a/ACg8ocK-UVLxT0hj_xHDgtpyOS6l1-2jVWQQ00hHDAuf6Ke6g1lfwg=mo,Best app to watch reels,5,2,362.0.0.33.241,2025-01-28 19:03:24,,,362.0.0.33.241
ba105e99-f464-4daa-a6fb-420b4b0a53a9,Anshu Ghosh,https://play-lh.googleusercontent.com/a-/ALV-UjX6YkpW0g91JrfXCAehFbxPIkIbprgKji-NHoLeWeHIysMKmlek,Like and share,5,2,361.0.0.46.88,2025-01-28 11:35:03,,,361.0.0.46.88
663f2dc4-cb46-47c2-9c1c-dbccca54e8bb,v1v420,https://play-lh.googleusercontent.com/a-/ALV-UjX0_9gG9vGFu8jxnq2wMAoYULYG2qLgk0My7CP7ipeaM_-AamMe_Q,It's fine.,5,3,364.0.0.35.86,2025-01-28 06:50:55,,,364.0.0.35.86
4d011151-0f25-4881-840a-00bc9e5afe54,Kidanu Tigist,https://play-lh.googleusercontent.com/a/ACg8ocIUbnxBADro8EUVfsqEZ37D1_u7FAKFuMV19cThxLXYq9eAkA=mo,This is good application,5,6,,2025-01-28 01:01:37,,,
00ee56ee-b1e9-4821-9ceb-7ab046ef884d,Tiger King,https://play-lh.googleusercontent.com/a-/ALV-UjUge7Uf70LWXZro1IIRZpypLJ3mV0CKmaDIKB9DMaFx9ZkBaRjH,Better than X (twitter,5,6,312.1.0.34.111,2025-01-27 21:51:35,,,312.1.0.34.111
df1b090a-ef87-4084-8dcc-c994ecb38f18,Zekiah Beranna Villanueva,https://play-lh.googleusercontent.com/a/ACg8ocIL1aGAIBiBTfjZv_K-8ItZwUjFcQ0h4G6TK_scw7irWQj0Rw=mo,"basta yun, I dont need to explain why, sabi ko, BASTA NGA KASI E!!",5,3,,2025-01-27 19:56:28,,,
e9299e83-0059-44b3-ad1a-36ca7b492cc7,Mrabet Adam,https://play-lh.googleusercontent.com/a/ACg8ocI4kAGA7gqvZx9gcmKhvVu2u0CApE07j7195jRMlciqOiAGhw=mo,★Morroco is the best★🇲🇦☆🇲🇦,5,3,364.0.0.35.86,2025-01-27 17:38:25,,,364.0.0.35.86
f268d6e0-20f2-4d11-8a06-4ae0984ffd10,Anoop Kumar,https://play-lh.googleusercontent.com/a/ACg8ocIAtWjNxx92P_bzYw-cISF0XVjFN717GgIfhq-iU-x-erTnhA=mo,🏍️❤️❤️,5,3,,2025-01-27 10:43:41,,,
b25f8b23-01e5-40ef-b3a0-cb6c3e543309,Alireza Nasseri,https://play-lh.googleusercontent.com/a/ACg8ocIjUQ9uWdSoHrHjHydot3q6BEc5NRCBMUnhdL1mqjvbkriT=mo,Good,5,1,363.0.0.29.80,2025-01-26 21:16:47,,,363.0.0.29.80
9a72302f-1bb4-4479-b720-f958ddd61a7f,Prabhjit Singh,https://play-lh.googleusercontent.com/a/ACg8ocJoGaB4u_kKySXF6twOzxxsAprGXcfRpHsPwVDMuBgFD_vHdw=mo,Ok,5,1,364.0.0.35.86,2025-01-26 19:50:13,,,364.0.0.35.86
2dbbf44c-8d95-43a4-8e01-2e4b8747491c,Sagar Rajput,https://play-lh.googleusercontent.com/a/ACg8ocK_pXq05Uz6QH3O0Jq1S1KojFkvXf6lVcasWqFBeV5110Ya-g=mo,1.....Is app ma open karnataka opsan Nahi aa raha Kasa Kara 2.....join tha bita wala Kasa this kara,5,2,364.0.0.35.86,2025-01-26 13:48:20,,,364.0.0.35.86
5f6ab4f6-47ba-466f-9174-8ecd0ac5bb94,Yd Saroj,https://play-lh.googleusercontent.com/a/ACg8ocIda7aonXLffyja_cd6PdVjjKQgkQQgC2B2UFEDZ24U5GG6ag=mo,मेरा इंस्टाग्राम में फॉलोअर का पास जा रहा है और दूसरे का पास वीडियो नहीं जा रहा है,5,0,364.0.0.35.86,2025-01-26 12:04:52,,,364.0.0.35.86
4275701e-62e3-4104-b627-67841a863764,Harshit Dwivedi,https://play-lh.googleusercontent.com/a/ACg8ocIcXpQAMPlqbbixgfvk0WlY6fBIqIKHjsGG0FuN_YzDovGaWg=mo,Nice,5,0,,2025-01-26 11:12:57,,,
9a9d1b87-b503-49a7-a24d-49ecfeb72a62,Ankit Chaudhary,https://play-lh.googleusercontent.com/a/ACg8ocJaEx24WkHLFae1ovafWj5CaZVeLxJFXTSY6a6SPhOCe1wfsA=mo,I love you ❤️,5,1,,2025-01-26 10:38:34,,,
83b85ffe-4b65-4754-8f59-b0617eec155a,Aroldo Saldana,https://play-lh.googleusercontent.com/a/ACg8ocItX0qsZjg9wDDbLVTui9ekswpJ1ebgpiANGsnjxu4MplC_BA=mo,Thanks for giving my account back 💯,5,1,364.0.0.35.86,2025-01-26 05:44:04,,,364.0.0.35.86
222c3a7f-4c1c-42c2-86e1-93cb4ce1d959,A7MED I احمد,https://play-lh.googleusercontent.com/a-/ALV-UjXs16lD83dM_OzFMUzJNGunZKKc26_hZOgAYhbgQHJ6N5I_GEmy,"Harvests your soul and mind, would recommend",5,2,364.0.0.35.86,2025-01-26 04:15:24,,,364.0.0.35.86
67372fb4-d1e5-4f5e-b958-89d961a544ab,Naeem Naseem,https://play-lh.googleusercontent.com/a/ACg8ocKbMu9I32fG_VZI4yXSL0fE-mL8nyHGxvNn5IAy-a2lawt0Fg=mo,Must bad,5,1,364.0.0.35.86,2025-01-25 20:57:02,,,364.0.0.35.86
858d8b47-32e3-445a-af24-81bfa89181a3,Kailash bhil Bhil,https://play-lh.googleusercontent.com/a/ACg8ocJLmDTWw3AWXQ5NAoutoAgLT8OLlMMYwA_4m1PyDaT7L4pTFA=mo,Kajlashbhi ha,5,1,364.0.0.35.86,2025-01-25 20:14:57,,,364.0.0.35.86
200044f8-1a44-4580-8d99-a6474f39b5e2,Arghadeep Paul,https://play-lh.googleusercontent.com/a/ACg8ocIG7qO-i_e9CGzfw2gV7lR7dUdtDez1P89uc86SMkik2SMzcA=mo,Nice appp,5,1,,2025-01-25 18:41:05,,,
0ddea57c-73b9-4490-9e5e-b630caab0ca7,Harshil Parmar,https://play-lh.googleusercontent.com/a/ACg8ocKk_3LGHgA4ODP_QvvNWCVrk5vHoRzcXgU1oHMqwkkOh2LXFA=mo,😎😎,5,2,,2025-01-25 11:02:32,,,
792dc1f0-0889-4364-8dfb-73009fd94568,pavan vishwakarma,https://play-lh.googleusercontent.com/a/ACg8ocKooSBeCHlt9HI_lJQqDtynumKl-ClG5zN0NQPu1Wibh0-7Cg=mo,I follow all your partner monetization policies but still the account is showing (You're currently unable to monetize). Please correct it as soon as possible.,5,5,363.0.0.29.80,2025-01-25 08:34:16,,,363.0.0.29.80
6a258622-20bf-4dd8-95d3-3641f39417b1,Anup Kujur,https://play-lh.googleusercontent.com/a-/ALV-UjWbetmYJgZiO7Uv7dDFP-Wvz9pRDcatKNeOdqZB1_szNJot592A,Single Boi 😔😔😔😔,5,2,364.0.0.35.86,2025-01-25 03:24:36,,,364.0.0.35.86
64e60946-02a4-4e36-99c3-8c43f4f4c982,mini kumari,https://play-lh.googleusercontent.com/a-/ALV-UjW0ReGty5bqwYMF_RkjmfPsLHtRsOPNwAYYJk2g0qdH6VuGRCo,Wonderful app... I like it so much.. ❤🌺,5,5,320.0.0.42.101,2025-01-25 02:28:25,,,320.0.0.42.101
936bda61-d3fe-449e-b8da-fd0e38129050,Mukesh Rafaliya,https://play-lh.googleusercontent.com/a-/ALV-UjUwBXPEntg9srjjaQ3EQ5VG_SxnSg5Wll9BXaW9FmT0RKcK1aOJ,Bakwas app hai koi ladki replay hi nahi deti😆😀😀😀,5,5,364.0.0.35.86,2025-01-24 20:40:16,,,364.0.0.35.86
16c01067-3d27-4dc7-93c5-54374e8b2a1e,Uzma Khan,https://play-lh.googleusercontent.com/a/ACg8ocImqPQ9xv8RGPVjxinr50P9GfOTsR25NWSzyZfWXEuiTVe24w=mo,Fantastic app,5,0,,2025-01-24 16:12:32,,,
885ff259-d493-466a-b66e-eeeb4698f8e7,sibam Raja,https://play-lh.googleusercontent.com/a/ACg8ocKTwwxUBriHNI_YRAcHrxHGoBUF9m0vcIN68LGijZh4NgVAIw=mo,Moaning and groaning,5,1,,2025-01-24 16:11:17,,,
7b5e207d-4d4f-4178-9878-d198fdab77c3,Priyanshu Pandey,https://play-lh.googleusercontent.com/a-/ALV-UjXoq-JEesyk8Jr5wKeiVYL8_PZYrtuWZsNPfu5ylfBFGyKB0lU,It's so amazing but,5,0,363.0.0.29.80,2025-01-24 15:49:52,,,363.0.0.29.80
8e021e97-f274-415f-98e6-731f15eddfe0,Piyush Kumar,https://play-lh.googleusercontent.com/a-/ALV-UjVOd8mHlwBOpWWg8LFRettrYKJYnDECHa5O36XJDzGfKkvME37l,Acha ha instagram,5,0,363.0.0.29.80,2025-01-24 10:58:35,,,363.0.0.29.80
ad79e3db-2dd3-4b67-aaa9-80bd609358e2,barry cline,https://play-lh.googleusercontent.com/a/ACg8ocJDp9Nq0-gHQ1SDep-GaSakUsLhd_oTnL3RTS3wfwgWLBcNYg=mo,I love Instagram. It's my favorite social media platform. I hate threads tho. It's the most messed up app I've ever seen.,5,3,364.0.0.35.86,2025-01-24 09:46:30,,,364.0.0.35.86
544154fb-b8fe-4e42-b954-d09d3939815e,GAMING King,https://play-lh.googleusercontent.com/a/ACg8ocIsgnZ5XJqY8y1uMjbpc36kn49tYF90WEONKYUaaZZ5bEuT85s=mo,Op ☺️,5,1,364.0.0.35.86,2025-01-24 07:37:14,,,364.0.0.35.86
02787ad2-f63a-4227-a99e-33560c2a267e,Sarth Pawar,https://play-lh.googleusercontent.com/a-/ALV-UjXehnnqfOdr9HEvnLaotOnJ1Ggnod4L27SjgWHz0CdW64KIxuVr,Nice,5,1,335.0.0.39.93,2025-01-23 20:04:30,,,335.0.0.39.93
eec491a3-26e2-4a1d-a7a3-4f759c1ecba7,Reddy Kosana,https://play-lh.googleusercontent.com/a/ACg8ocISaU2EBpkSL36qA9--d4zljxbA_lS_0ABe4eU_Pv39osrHcw=mo,Prasana,5,0,364.0.0.35.86,2025-01-23 17:39:55,,,364.0.0.35.86
e92e84c9-f949-4307-985c-43beded24a0b,AMBADy2010 Priya,https://play-lh.googleusercontent.com/a/ACg8ocLpFbCqPhGespgq1firlGrW2320ZPErw-in95icrPDaBmK5=mo,Super APP SUPER,5,1,364.0.0.35.86,2025-01-23 17:23:55,,,364.0.0.35.86
d33694e9-5177-459e-a063-af12ab38bfca,alishba laiqat,https://play-lh.googleusercontent.com/a/ACg8ocKiuvToo2ftwSK48WFu24hmtaPhY1yWhakjLtUwq72ViH8cQQ=mo,good app you can talk to someone call them and it is great source of fame,5,17,364.0.0.35.86,2025-01-21 21:48:11,,,364.0.0.35.86
118b6551-cca5-4529-b0ab-40bfe1ae0c19,Narend Singh,https://play-lh.googleusercontent.com/a-/ALV-UjWmB8rXFxcIKwuNd9C1qcIHaqWodHnaBCGDpET6TC8tRRay_80y,narend_singh423 Follow Guys,5,0,364.0.0.18.86,2025-01-20 22:49:35,,,364.0.0.18.86
28ace81b-0f4b-45e7-913b-ba0a81dd0674,Prithviraj,https://play-lh.googleusercontent.com/a-/ALV-UjVa-nEi0hp_tqcVO1gF-L3dhA5C_1XdBeUofZcEwQPEoiisjSG7,This app is very wonderful,5,2,364.0.0.18.86,2025-01-20 18:43:03,,,364.0.0.18.86
58ce1c90-669b-43db-8cca-2c3f51c090b3,Ganga Kawer,https://play-lh.googleusercontent.com/a/ACg8ocJJQZjaAQ6GXWFUQ6y896rGks8bUOkboNRJdZ_R1BpwpOzqwQ=mo,He is good app,5,5,,2025-01-12 12:32:33,,,
f09951f4-9512-4581-9d58-46325ef2099e,Dayal Wakre,https://play-lh.googleusercontent.com/a/ACg8ocIMB1JtjORqE8wo8HDahHRd79RLcg4OHHPoqg9sKLba9pPxvw=mo,Instagram ko update kar do,5,13,362.0.0.33.241,2025-01-12 12:31:32,,,362.0.0.33.241
a269f118-644a-4206-9839-8022d50bcf7e,Subrata Dey,https://play-lh.googleusercontent.com/a/ACg8ocKplI2gzsgLntAWqghHhzdKy6qYCJ5y9ruey8JTJ8PDBY_wUF8=mo,Ok,5,8,278.0.0.22.117,2025-01-12 12:31:03,,,278.0.0.22.117
2ac15ac5-c229-4083-8c2b-12d50f368eb3,Puran patel,https://play-lh.googleusercontent.com/a/ACg8ocJ431uKd2D7o5kuDqONF9ku7SrMdABJhBG785fckn1mxDCt7Q=mo,nice,5,3,361.0.0.46.88,2025-01-12 12:30:34,,,361.0.0.46.88
3ab12cf5-ee4e-4f24-8289-96be04a090b2,Rkpl creative 555,https://play-lh.googleusercontent.com/a/ACg8ocLRZB7fotfbV2W8uVJ3FnC_ZUAG_W2WcSqYZMImTr5pVvR5ig=mo,"Verry verry entertainment, and i like this app Instagram",5,3,362.0.0.33.241,2025-01-12 12:30:28,,,362.0.0.33.241
f2750238-c1af-4379-9e7a-f083363ebcb0,Anime Boy,https://play-lh.googleusercontent.com/a/ACg8ocI3lxx1gTv6L1U8AeS5sywHTzi8CkM754Y47DTMVAn98XFm6A=mo,Nice 🙂,5,3,,2025-01-12 12:30:18,,,
5e88ff73-a890-420a-8292-48595254f130,Ssegawa Henry,https://play-lh.googleusercontent.com/a/ACg8ocISx0z1kztHQ_eN35EmOhwsON0br2k0P10Io-sZdasHhEIjtg=mo,The best ever,5,3,362.0.0.33.241,2025-01-12 12:27:51,,,362.0.0.33.241
09007bb3-f951-4b0c-8e90-03d6663998c3,BITTU KUMAR,https://play-lh.googleusercontent.com/a-/ALV-UjUOWL1o8eys-rMcayGKbqY3qaXzp_yAaFIY2uerPDoxciMWJwCJ5g,Good,5,2,362.0.0.33.241,2025-01-12 12:27:40,,,362.0.0.33.241
06ae5bef-2f96-45cc-a16e-2238ceb262be,Nunui Renthlei,https://play-lh.googleusercontent.com/a/ACg8ocJx6q95xYnFPHx5KdAow9B6Sjh69WIbluMCmDQ7HpOlvCRUqw=mo,It's the best social media platform imo,5,5,189.0.0.41.121,2025-01-12 12:26:12,,,189.0.0.41.121
fec6adaa-6afe-460d-b7d3-d2c2b602857f,Vajira Perera,https://play-lh.googleusercontent.com/a/ACg8ocLUrHn6ivxvzl0uOiQ4brmy75anP31OdeldGQbiiwuMJvk_Vg=mo,Good,5,2,334.0.0.42.95,2025-01-12 12:24:46,,,334.0.0.42.95
2110ab96-b816-4fdf-b919-a90b8b220131,Suryakanta Kundu,https://play-lh.googleusercontent.com/a-/ALV-UjWK7zNSP23d--yGVlV217kpFByvRb6lA1wvzS8Nu37GnnMRkq4Z,Nice 👍,5,3,361.0.0.46.88,2025-01-12 12:24:45,,,361.0.0.46.88
62bc3ee1-3fc7-4d94-935d-c58986889165,Nikhil Salunkhe,https://play-lh.googleusercontent.com/a-/ALV-UjVLJh62iicRdlfbV07Q9YLc-0AIn0rA6hA6owlqg8JY-9LUwL_9,Very Good App,5,1,289.0.0.25.49,2025-01-12 12:24:40,,,289.0.0.25.49
26514fdf-a990-4347-bf2a-d6e4b9a67f7f,michael nyoni,https://play-lh.googleusercontent.com/a-/ALV-UjXxdbX-QKfEAKzbBkxO3RnWftcYoo9oh2_LIQoBR_OBy3-R6g1s,Verry good app and easy to use,5,4,333.0.0.42.91,2025-01-12 12:23:28,,,333.0.0.42.91
c718967f-22cb-4dbe-a4ca-847ce90856f6,Mahdi Naghiei,https://play-lh.googleusercontent.com/a-/ALV-UjVxYqXb9dW8Oh11nTwclP_nBGfUzntWn6VIieMsxxwMn_-FCEA,Good🩵🩵,5,1,362.0.0.33.241,2025-01-12 12:22:23,,,362.0.0.33.241
56af2e07-1409-480c-bdd7-7b2e6e235fc8,Bushra Azam,https://play-lh.googleusercontent.com/a/ACg8ocLF5UIMqQs16skHfWW96zzvVHODKLpImWzGFFOqWtWwPE01qQ=mo,Good,5,1,,2025-01-12 12:22:15,,,
768e72bb-ff89-4cd9-a5ba-31780d2fa679,Amar Bhati,https://play-lh.googleusercontent.com/a/ACg8ocI_RyF7qQFFyqE9KuERZsZUVJgEuyqBNhw2CP6dFT8k-9e_fQ=mo,Sahi h,5,0,,2025-01-12 12:21:54,,,
ccd29045-f40c-4cee-8e5c-1074f40a7642,AHMED HEKMAT,https://play-lh.googleusercontent.com/a-/ALV-UjUTwXsx1f2vQzXpsQnjAKIiAEWT3ETuBy9VHyeuJyIKpMzBk1i5,Very good,5,0,362.0.0.33.241,2025-01-12 12:21:27,,,362.0.0.33.241
a940ab73-f601-429b-8170-a86fb40bd37c,Joel d'souza,https://play-lh.googleusercontent.com/a/ACg8ocJNIA-erY-a4e1wKGFNfoCfvgdBcdOcgsk_kf4rQv2mn6YIAw=mo,Love this gram.,5,0,362.0.0.33.241,2025-01-12 12:20:38,,,362.0.0.33.241
2c8add16-e523-4d0c-83bf-960a438fa4ec,Aryan Raj,https://play-lh.googleusercontent.com/a/ACg8ocKHbDWIS1GSVOM60V-1EDoPncseJ7MlQg6u7JZSH3eY5HIZWQ=mo,Very nice app,5,0,362.0.0.33.241,2025-01-12 12:20:32,,,362.0.0.33.241
e0e9c567-7a0e-4714-a553-01826fa19e04,Aritri,https://play-lh.googleusercontent.com/a-/ALV-UjUO7eCFrUw_HCo-AjjRuFQfoO225X47D9kC2TAYHGcRBrOoL1y0,Good but then would be better if the followers nd following list would only show to the owner of the acc rather than everyone who follows even though it's a private acc,5,2,,2025-01-12 12:20:17,,,
52ebcee4-c65e-4aa9-996a-693c59184ca7,Yash Rajak,https://play-lh.googleusercontent.com/a/ACg8ocItC-w-PLFe27KQB-N3AsigjRuus0QjqE6Z54I25RobV1SnUQ=mo,Good,5,0,364.0.0.0.12,2025-01-12 12:20:13,,,364.0.0.0.12
ed64538f-ac98-4480-a31f-88c2f7c3bcfd,Ranu Thakur,https://play-lh.googleusercontent.com/a/ACg8ocKRdwJb1BwzHQSdOTXV1bpPlGR2s70cmnF5yxua9BHx6rCbMg=mo,It's a amazing app this aap is very useful,5,1,362.0.0.33.241,2025-01-12 12:19:26,,,362.0.0.33.241
7fb2dde3-4e2b-4537-b759-821ea8fa61fd,Hansel Lukah,https://play-lh.googleusercontent.com/a/ACg8ocJNvVkp279OkziO3Zm51H2b-eazgKPXU_GQcF3NGi5TOYQMWA=mo,Apps has been doing me wonders,5,1,362.0.0.33.241,2025-01-12 12:18:16,,,362.0.0.33.241
79cc23e6-480a-422c-9311-1ed3dfade151,Dhruv Yadav,https://play-lh.googleusercontent.com/a-/ALV-UjWmtUYY4juOOxzvMvKEZCFHE7z9XKx_GWzp2m55pnKHAbyQvKm-,Super ❤️😎🥳,5,0,361.0.0.46.88,2025-01-12 12:17:17,,,361.0.0.46.88
4478fc67-5396-438d-a74a-e4f2d45dc915,shaikh KHIZAR SHAIKH,https://play-lh.googleusercontent.com/a-/ALV-UjVNzDAIGK-Tfx0QiN4nMLiwsvK4jZJzHPpF0xIebu0GXiU8Rv0Z,iPhone story Android mobile Instagram story please Instagram team,5,0,362.0.0.33.241,2025-01-12 12:16:21,,,362.0.0.33.241
fd668340-fa06-40e1-90eb-25a39ab0aa8b,Ram Singh,https://play-lh.googleusercontent.com/a/ACg8ocI6KxNkb10CURhhk6O-leLjDkRYlUW10AuR6Y_PsgAYzbfkKg=mo,No pichar mila h,5,0,362.0.0.33.241,2025-01-12 12:16:01,,,362.0.0.33.241
698aed88-adf4-4bc1-8bb9-6000a67d80ad,Manisha Mudase,https://play-lh.googleusercontent.com/a-/ALV-UjVBEbuveSYpT0y_H9uygTDXUGLLf_wby4ZdCbD7nFtaJmn9fdXv,I love this app soo much 😘😘,5,0,,2025-01-12 12:16:01,,,
6744756e-afc5-44a3-afc5-6248adcb00ec,Catboys Kitty,https://play-lh.googleusercontent.com/a/ACg8ocKI5HIQq72AbyDCtE5WgJmfRbohbpb34fG6J_-FDb8pkatGvw=mo,Excellent💥💌,5,0,362.0.0.33.241,2025-01-12 12:15:36,,,362.0.0.33.241
2a090ade-f85a-4198-b7b5-5b0249909365,Aayesha Chaudhary,https://play-lh.googleusercontent.com/a/ACg8ocI4xNcGyNgRHYZvK30tQalN_apNr1ePvCLb4cBgNndz8ZNx7Q=mo,My useful favourite app ♥️,5,1,362.0.0.33.241,2025-01-12 12:14:43,,,362.0.0.33.241
666cc98e-0550-455b-939b-2fecf7a55b3e,Mohd Yafi,https://play-lh.googleusercontent.com/a/ACg8ocLCIRDmJyc7szOa4msJLHynAndJZi4WAxFJJw-wKJrxAD5I=mo,This app has so much smart and my personal experience 😜,5,2,361.0.0.46.88,2025-01-12 12:14:41,,,361.0.0.46.88
faec7dac-0998-49aa-bcdd-b7f3f13d4111,Kalpesh Toraskar,https://play-lh.googleusercontent.com/a-/ALV-UjX84tEfraj3CH2MrP_7YmxtqBFn73wPBQ07DCs4hp3jrBio79OF,👌😊,5,0,362.0.0.33.241,2025-01-12 12:12:53,,,362.0.0.33.241
6ea16540-ad18-4c3f-8674-33cd34cd9394,Syed Asif,https://play-lh.googleusercontent.com/a/ACg8ocLu1aq4EPQmT77-QETxL9dnbBZiZt-hRoO7WLv__-M_PFrCZg=mo,It's a very good source of entertainment,5,0,362.0.0.33.241,2025-01-12 12:12:20,,,362.0.0.33.241
e179b8df-01df-4310-a193-2ad5455c5758,Ayush Bamne,https://play-lh.googleusercontent.com/a-/ALV-UjUUXZ3IEUBkmDK8bpYyjAEeVkOgt8Gfq8iw__yQREIAVLn9KvP8,Nice pic of the best,5,0,362.0.0.33.241,2025-01-12 12:12:10,,,362.0.0.33.241
e20fbb4a-b375-4e47-8a48-58a20701c92e,VÌSHÃL KÛMÅR,https://play-lh.googleusercontent.com/a-/ALV-UjWzrgA2gDN0R-UMHXbDikkHExoEJCsKsokw6Vm_9L3mbL9s5X7Z,Best 👑,5,0,362.0.0.33.241,2025-01-12 12:11:31,,,362.0.0.33.241
6bb11b5d-923e-4140-9a61-78d904a318fc,Adithyan Suresh,https://play-lh.googleusercontent.com/a/ACg8ocLJcS316evnHFV3lLb-BzjQ7Ng4Hs6LXnH82k_A0j5_azVidA=mo,Good,5,0,362.0.0.33.241,2025-01-12 12:11:04,,,362.0.0.33.241
74baa258-81e2-46d0-b3d9-17549743e6c9,Chandrakant Gaikwad,https://play-lh.googleusercontent.com/a/ACg8ocJ3e3YAKnPViMzubpa21QEdhAMGu3h5D06vItCoxMezIWIN8Q=mo,it's a very nice app it understands the mood of person so it's very nice app,5,1,,2025-01-12 12:11:04,,,
8e19c148-8060-44b9-896b-246396368260,Chinny Godwin,https://play-lh.googleusercontent.com/a/ACg8ocJDUy_DAhgHshCUKTuXmZcyBPlY-ZDmmlpj9gq11V2GAuBnCw=mo,Very nice app ❤️❤️❤️❤️,5,0,,2025-01-12 12:10:20,,,
4ba7ea51-0982-4309-89ab-7cbe5fec6468,Shree Krashan,https://play-lh.googleusercontent.com/a-/ALV-UjV4DNqndStcPBe99uENWIDQYE13xlfs30YJu_jRqf1un_ETw7E,This app very good content and injoy,5,0,362.0.0.33.241,2025-01-12 12:10:14,,,362.0.0.33.241
0f7b3515-1c4a-48e3-8cd5-cfe12a5cc859,Udoy Singh pebam,https://play-lh.googleusercontent.com/a-/ALV-UjUbzNp_hT_i7ii9qvqhVMXVwvBzlZLfRuQynOVl3J--HrTRdt2_,😁,5,0,,2025-01-12 12:09:40,,,
c99bbf00-dd59-4daa-bc39-ae47893ae850,Adil Shaikh,https://play-lh.googleusercontent.com/a-/ALV-UjWUCVuJ8ySJsGg2fQXaXTaTikpK7Ij4guYc4vIT6pemmBoaMjM,Dil dukhane wali shayari,5,0,344.1.0.42.92,2025-01-12 12:09:02,,,344.1.0.42.92
76d078bf-234b-4b93-b844-b824a6a203bc,Gal Gadot,https://play-lh.googleusercontent.com/a/ACg8ocIQJDxeRgz8DQRKRBPmGS6MOAaywzooggZ97rMGcd2ne4kX0g=mo,Love it 😍,5,0,362.0.0.33.241,2025-01-12 12:08:12,,,362.0.0.33.241
09c8c5d9-aee2-4007-9a06-d0ea0f241e78,Gaurav Magar,https://play-lh.googleusercontent.com/a-/ALV-UjUyDxdPsPJnhiI-xoFfdoA4qiG7Xs2DVEGgCvJbzcuX5ihUGfk,Love it,5,0,,2025-01-12 12:07:44,,,
1a996aaf-ff6f-4c1b-9039-7fe11852dcb6,Akash Behera,https://play-lh.googleusercontent.com/a/ACg8ocKV6FvBr5bm2Ukwx5s_CZTEZC8IGvPApKtiwwsGYbhs8zPv3Q=mo,Impres app,5,0,362.0.0.33.241,2025-01-12 12:07:44,,,362.0.0.33.241
e77e205d-100b-4c63-9fe8-04849f24bb31,Piyush Patil,https://play-lh.googleusercontent.com/a/ACg8ocKDkjzP_qkpJ4tMAJyS926Mnr70EW9Ow5tD-bXLKnyhdaoT=mo,Best app in the world,5,0,,2025-01-12 12:05:37,,,
7cdc2791-5cdc-4bf7-9a25-346e9f25bd83,Deshi Ramesh Ramesh,https://play-lh.googleusercontent.com/a/ACg8ocLkuYNqrK6dfZf9c3AJ1nLgbvez5_O_OHZOce1p7dko7upzSA=mo,💗🙏,5,0,361.0.0.46.88,2025-01-12 12:05:33,,,361.0.0.46.88
f542c1f3-2366-4dc2-8e45-5e8bc88ef23f,Shiv Kumar Bajpai,https://play-lh.googleusercontent.com/a-/ALV-UjV6DfxXz0NHFfnxQdXsvw9sUjkwfVK_9OkC3tYYMdduIADgh8FTKg,Nice veri nice 🍏,5,0,362.0.0.33.241,2025-01-12 12:04:42,,,362.0.0.33.241
1b9383e4-ebd0-4948-8d55-1c2650d9ba9c,Jopiya Jopiya,https://play-lh.googleusercontent.com/a/ACg8ocJlgh4msnDU09VfrenzYDxPLooXRzJsuoPz2eelr29jekC8vQ=mo,Nice app,5,0,362.0.0.33.241,2025-01-12 12:03:58,,,362.0.0.33.241
e47911b1-9141-4823-a990-8af9e83141bd,M R N A J I M,https://play-lh.googleusercontent.com/a-/ALV-UjVxVzdHBE28TV71jsSn1rltkTyXbL_emazg8jgsTz5xI2iXuGc,Update,5,0,362.0.0.33.241,2025-01-12 12:03:56,,,362.0.0.33.241
6f51f04e-d423-40c4-a6cc-9c407506d0d5,Aditi Zipru,https://play-lh.googleusercontent.com/a/ACg8ocJ_Gwjod32YYwUTg4nTMe7ElciVv2KC_Q4_2zgRsNdySB-Ep_o=mo,Amazing app,5,0,362.0.0.33.241,2025-01-12 12:03:50,,,362.0.0.33.241
acf2f9eb-da69-4ecd-8382-4362371ed322,Prabhakar,https://play-lh.googleusercontent.com/a/ACg8ocKjm-lycSiKrCbmox7XVsPZVxCe6snJG3G7TcDCQxTOXzxRsQ=mo,Good,5,0,,2025-01-12 12:03:44,,,
2462370f-34d6-4831-8bef-934e7320f9c2,Aryan Ashish,https://play-lh.googleusercontent.com/a-/ALV-UjVpVjQhS0li81qSTzUseQ9XruaU5W4Dl9it4AtP9s-9DxSgAqAR,Very nice and beautiful 😍,5,0,237.0.0.14.102,2025-01-12 12:03:34,,,237.0.0.14.102
0d29d6dd-28e9-4164-acbb-6d5a822161a2,Abhinav Kumar,https://play-lh.googleusercontent.com/a/ACg8ocLkRlfNrGeqZeUQbaFk9H_yVYCFteWqOAl1jP82FNaHK-9cbQ=mo,Good 👍,5,0,,2025-01-12 12:03:22,,,
f920ea33-7b36-4bfa-99a3-e307143334de,Anju Anju devi,https://play-lh.googleusercontent.com/a/ACg8ocJus2VhfKTlmXxh-PimetOd2LUUSh32r1AHujDXxST-Hj1nog=mo,Nice,5,1,,2025-01-12 12:03:14,,,
